,Year,hour,AverageTrafficCount
0,2022,1,5.140625
1,2022,2,10.28125
2,2022,3,20.5625
3,2022,4,41.125
4,2022,5,82.25
5,2022,6,164.5
0,2022,7,329.0
1,2022,8,417.5
2,2022,9,355.0
3,2022,10,356.0
4,2022,11,353.5
5,2022,12,368.5
6,2022,13,399.0
7,2022,14,408.5
8,2022,15,422.0
9,2022,16,436.0
10,2022,17,471.0
11,2022,18,395.0
6,2022,19,98.75
7,2022,20,49.375
8,2022,21,24.6875
9,2022,22,12.34375
10,2022,23,6.171875
11,2022,24,3.0859375
